Invoice Number,Type,Product Code,Product Name,Description,Quantity,Unit Price,Subtotal,Total,Taxes
INV/2026/00001,product,,,"Pago fraccionado mensual correspondiente a los siguientes servicios:
* Adecuación al RGPD-LOPDGDD
* Mantenimiento experto en RGPD-LOPDGDD",1.00,15.89,15.89,19.23,21% S
INV/2026/00002,product,,,"Cuota mensual relativos a los servicios de:
* Adecuación a la LSSI-CE
* Mantenimiento experto en LSSI-CE",1.00,15.32,15.32,18.54,21% S
INV/2026/00003,product,,,"Pago fraccionado mensual correspondiente a los siguientes servicios:
* Adecuación a la LSSI-CE
* Mantenimiento experto en LSSI-CE",1.00,12.48,12.48,15.10,21% S
INV/2026/00004,product,,,"Pago fraccionado mensual correspondiente a los siguientes servicios:
* Adecuación al RGPD-LOPDGDD
* Mantenimiento experto en RGPD-LOPDGDD
* Adecuación a la LSSI-CE
* Mantenimiento experto en LSSI-CE",1.00,40.72,40.72,49.27,21% S
INV/2026/00005,product,,,"Pagament fraccionat mensual corresponent als següents serveis:
* Adequació al RGPD-LOPDGDD
* Manteniment expert en RGPD-LOPDGDD
* Adequació a la LSSI-CE
* Manteniment expert en LSSI-CE",1.00,42.37,42.37,51.27,21% S
INV/2026/00006,product,,,"Pago fraccionado mensual correspondiente a los siguientes servicios:
* Adecuación al RGPD-LOPDGDD
* Mantenimiento experto en RGPD-LOPDGDD",1.00,15.06,15.06,18.22,21% S
INV/2026/00007,product,,,"Cuota mensual de mantenimiento integral sobre el
Reglamento General de Protección de Datos",1.00,31.91,31.91,38.61,21% S
INV/2026/00008,product,,,"Quota mensual relatius als serveis de:
* Adequació al RGPD i a la LOPDGDD
* Manteniment expert en RGPD i a la LOPDGDD",1.00,30.70,30.70,37.15,21% S
INV/2026/00009,product,,,"Cuota mensual relativos a los servicios del Canal de Denuncias:
Mantenimiento de la plataforma web para la recepción, almacenamiento
y gestión de denuncias.
Servicio externalizado de gestión, asesoramiento y
soporte de denuncias.",1.00,92.20,92.20,111.56,21% S
INV/2026/00010,product,,,"Cuota mensual relativos a los servicios de Delegado de Protección de Datos:
Representación como Delegado de Protección de Datos (DPD) externo
frente a la Agencia Española de Protección de Datos (AGPD).
Atender las peticiones de la Agencia Española de Protección de Datos.
Consultas ilimitadas en lo referente a las funciones y obligaciones del DPD.",1.00,40.95,40.95,49.55,21% S
INV/2026/00011,product,,,"Cuota mensual relativos a los servicios de:
* Adecuación al RGPD y a la LOPDGDD
* Mantenimiento experto en el RGPD y en&nbsp;la LOPDGDD",1.00,97.84,97.84,118.39,21% S
INV/2026/00012,product,,,"Cuota mensual relativos a los servicios de:
* Adecuación a la LSSI-CE
* Mantenimiento experto en la LSSI-CE",1.00,15.32,15.32,18.54,21% S
INV/2026/00013,product,,,"Pago fraccionado mensual correspondiente a los siguientes servicios:
* Adecuación al RGPD-LOPDGDD
* Mantenimiento experto en RGPD-LOPDGDD
* Adecuación a la LSSI-CE
* Mantenimiento experto en LSSI-CE",1.00,36.93,36.93,44.69,21% S
INV/2026/00014,product,,,"Pago fraccionado mensual correspondiente a los siguientes servicios:
* Adecuación al RGPD-LOPDGDD
* Mantenimiento experto en RGPD-LOPDGDD
* Adecuación a la LSSI-CE
* Mantenimiento experto en LSSI-CE",1.00,38.78,38.78,46.92,21% S
INV/2026/00015,product,,,"Quota mensual de manteniment integral sobre el
Reglament General de Protecció de Dades",1.00,31.65,31.65,38.30,21% S
INV/2026/00016,product,,,"Pago fraccionado mensual correspondiente a los siguientes servicios:
* Adecuación al RGPD-LOPDGDD
* Mantenimiento experto en RGPD-LOPDGDD
* Adecuación a la LSSI-CE
* Mantenimiento experto en LSSI-CE",1.00,21.05,21.05,25.47,21% S
INV/2026/00017,product,,,"Pago fraccionado mensual correspondiente a los siguientes servicios:
* Adecuación al RGPD-LOPDGDD
* Mantenimiento experto en RGPD-LOPDGDD
* Adecuación al LSSI-CE
* Mantenimiento experto en LSSI-CE",1.00,14.95,14.95,18.09,21% S
INV/2026/00018,product,,,"Pago fraccionado mensual correspondiente a los siguientes servicios:
* Adecuación al RGPD-LOPDGDD
* Mantenimiento experto en RGPD-LOPDGDD
* Adecuación al LSSI-CE
* Mantenimiento experto en LSSI-CE",1.00,31.65,31.65,38.30,21% S
INV/2026/00019,product,,,"Cuota mensual relativos a los servicios de:
* Adecuación al RGPD y a la LOPDGDD
* Mantenimiento experto en RGPD y a la LOPDGDD",1.00,44.55,44.55,53.91,21% S
INV/2026/00020,product,,,"Cuota mensual relativos a los servicios de:
* Adecuación a la LSSI-CE
* Mantenimiento experto en LSSI-CE",1.00,13.27,13.27,16.06,21% S
INV/2026/00021,product,,,"Pago fraccionado mensual correspondiente a los siguientes servicios:
* Mantenimiento experto en RGPD-LOPDGDD
* Mantenimiento experto en RGPD
* Adecuación a la LSSI-CE
* Mantenimiento experto en LSSI-CE",1.00,55.69,55.69,67.38,21% S
INV/2026/00022,product,,,"Pago fraccionado mensual correspondiente a los siguientes servicios:
* Adecuación al RGPD-LOPDGDD
* Mantenimiento experto en RGPD-LOPDGDD
* Adecuación a la LSSI-CE
* Mantenimiento experto en LSSI-CE",1.00,21.05,21.05,25.47,21% S
INV/2026/00023,product,,,"Cuota mensual relativos a los servicios del Sistema de Información Interno:
Mantenimiento de la plataforma web para la recepción, almacenamiento
y gestión de denuncias.
Servicio externalizado de gestión, asesoramiento y
soporte de denuncias.",1.00,125.94,125.94,152.39,21% S
INV/2026/00024,product,,,"Quota mensual relatius als serveis del Canal de Denúncies:
Manteniment de la plataforma web per a la recepció, emmagatzematge
i gestió de denúncies.
Servei externalitzat de gestió, assessorament i
suport de denúncies.",1.00,61.47,61.47,74.38,21% S
INV/2026/00025,product,,,"Quota mensual relatius als serveis de Delegat de Protecció de Dades:
Manteniment de la plataforma web per a la recepció, emmagatzematge
enfront de l'Agència Espanyola de Protecció de Dades (AGPD).
Atendre les peticions de l'Agència Espanyola de Protecció de Dades.
Consultes il·limitades referent a les funcions i obligacions del DPD.",1.00,43.02,43.02,52.05,21% S
INV/2026/00026,product,,,"Pago fraccionado mensual correspondiente a los siguientes servicios:
* Adecuación al RGPD-LOPDGDD
* Mantenimiento experto en RGPD-LOPDGDD",1.00,50.11,50.11,60.63,21% S
INV/2026/00027,product,,,"Pago fraccionado mensual correspondiente a los siguientes servicios:
* Adecuación a la LSSI-CE
* Mantenimiento LSSI-CE",1.00,31.65,31.65,38.30,21% S
INV/2026/00028,product,,,"Pago fraccionado mensual correspondiente a los siguientes servicios:
* Adecuación al RGPD-LOPDGDD
* Mantenimiento experto en RGPD-LOPDGDD
* Adecuación a la LSSI-CE
* Mantenimiento experto en LSSI-CE",1.00,47.52,47.52,57.50,21% S
INV/2026/00029,product,,,"Pago fraccionado mensual correspondiente a los siguientes servicios:
* Adecuación al RGPD-LOPDGDD
* Mantenimiento experto en RGPD-LOPDGDD
* Adecuación a la LSSI-CE
* Mantenimiento experto en LSSI-CE",1.00,32.07,32.07,38.80,21% S
INV/2026/00030,product,,,"Pago fraccionado mensual correspondiente a los siguientes servicios:
* Adecuación al RGPD-LOPDGDD
* Mantenimiento experto en RGPD-LOPDGDD",1.00,44.55,44.55,53.91,21% S
INV/2026/00031,product,,,"Pago fraccionado mensual correspondiente a los siguientes servicios:
* Adecuación al RGPD-LOPDGDD
* Mantenimiento experto en RGPD-LOPDGDD
* Adecuación al LSSI-CE
* Mantenimiento experto en LSSI-CE",1.00,33.39,33.39,40.40,21% S
INV/2026/00032,product,,,"Pago fraccionado mensual correspondiente a los siguientes servicios:
* Adecuación al RGPD-LOPDGDD
* Mantenimiento experto en RGPD-LOPDGDD
* Adecuación a la LSSI-CE
* Mantenimiento experto en LSSI-CE",1.00,25.36,25.36,30.69,21% S
INV/2026/00033,product,,,"Pago fraccionado mensual correspondiente a los siguientes servicios:
* Adecuación al RGPD-LOPDGDD
* Mantenimiento experto en RGPD-LOPDGDD",1.00,31.65,31.65,38.30,21% S
INV/2026/00034,product,,,"Pago fraccionado mensual correspondiente a los siguientes servicios:
* Adecuación al RGPD-LOPDGDD
* Mantenimiento experto en RGPD-LOPDGDD
* Adecuación a la LSSI-CE
* Mantenimiento experto en LSSI-CE",1.00,42.23,42.23,51.10,21% S
INV/2026/00035,product,,,"Mantenimiento integral sobre el RGPD
Mantenimiento integral sobre la LOPDGDD",1.00,21.08,21.08,25.51,21% S
INV/2026/00036,product,,,"Pago fraccionado mensual correspondiente a los siguientes servicios:
* Auditoría Informática de cumplimiento de la Directiva (UE) 2019/882 y su transposición en España mediante la Ley 11/2023",1.00,59.50,59.50,72.00,21% S
INV/2026/00037,product,,,"Pago fraccionado mensual correspondiente a los siguientes servicios:
* Adecuación al RGPD-LOPDGDD
* Mantenimiento experto en RGPD-LOPDGDD
* Adecuación a la LSSI-CE
* Mantenimiento experto en LSSI-CE",1.00,35.31,35.31,42.73,21% S
INV/2026/00038,product,,,"Cuota mensual relativos a los servicios de Delegado de Protección de Datos:
Representación como Delegado de Protecció de Datos (DPD) externo
frente a la Agencia Española de Protección de Datos (AGPD).
Atender las peticiones de la Agencia Española de Protección de Datos.
Consultas ilimitadas en lo referente a las funciones y obligaciones del DPD.
(Contrato servicios firmado 01/06/2024)",1.00,67.60,67.60,81.80,21% S
INV/2026/00039,product,,,"Pago fraccionado mensual correspondiente a los siguientes servicios:
* Adecuación al RGPD-LOPDGDD
* Mantenimiento experto en RGPD-LOPDGDD",1.00,89.45,89.45,108.23,21% S
INV/2026/00039,product,,,"Pago fraccionado mensual correspondiente a los siguientes servicios:
* Adecuación a la LSSI-CE
* Mantenimiento experto en LSSI-CE",1.00,14.50,14.50,17.55,21% S
INV/2026/00040,product,,,"Pago fraccionado mensual correspondiente a los siguientes servicios:
* Adecuación al RGPD-LOPDGDD
* Mantenimiento experto en RGPD-LOPDGDD
* Adecuación a la LSSI-CE
* Mantenimiento experto en LSSI-CE",1.00,52.02,52.02,62.94,21% S
INV/2026/00041,product,,,"Cuota mensual relativos a los servicios del Canal de Denuncias:
Mantenimiento de la plataforma web para la recepción, almacenamiento
y gestión de denuncias.
Servicio externalizado de gestión, asesoramiento y
soporte de denuncias.",1.00,110.65,110.65,133.89,21% S
INV/2026/00042,product,,,"Cuota mensual relativos a los servicios del Canal de Denuncias:
Mantenimiento de la plataforma web para la recepción, almacenamiento
y gestión de denuncias.
Servicio externalizado de gestión, asesoramiento y
soporte de denuncias.",1.00,102.45,102.45,123.96,21% S
INV/2026/00043,product,,,"Cuota mensual relativos a los servicios de Delegado de Protección de Datos:
Representació com a Delegat de Protecció de Dades (DPD) extern
frente a la Agencia Española de Protección de Datos (AGPD).
Atender las peticiones de la Agencia Española de Protección de Datos.
Consultas ilimitadas en lo referente a las funciones y obligaciones del DPD.",1.00,40.95,40.95,49.55,21% S
INV/2026/00044,product,,,"Pago fraccionado mensual correspondiente a los siguientes servicios:
* Adecuación al RGPD-LOPDGDD
* Mantenimiento experto en el RGPD-LOPDGDD",1.00,57.85,57.85,70.00,21% S
INV/2026/00045,product,,,"Pago fraccionado mensual correspondiente a los siguientes servicios:
* Adecuación a la LSSI-CE
* Mantenimiento experto en la LSSI-CE",1.00,19.47,19.47,23.56,21% S
INV/2026/00046,product,,,"Pago fraccionado mensual correspondiente a los siguientes servicios:
* Adecuación al RGPD-LOPDGDD
* Mantenimiento experto en RGPD-LOPDGDD",1.00,36.64,36.64,44.33,21% S
INV/2026/00047,product,,,"Cuota mensual relativa a los servicios de:
* Adecuación al RGPD y a la LOPDGDD
* Mantenimiento experto en RGPD y a la LOPDGDD",1.00,54.91,54.91,66.44,21% S
INV/2026/00048,product,,,"Cuota mensual relativos a los servicios de:
* Adecuación a la LSSI-CE
* Mantenimiento experto en LSSI-CE",1.00,14.02,14.02,16.96,21% S
INV/2026/00049,product,,,"Pago fraccionado mensual correspondiente a los servicios de:
* Adecuación al RGPD y a la LOPDGDD
* Mantenimiento experto en RGPD y a la LOPDGDD",1.00,94.95,94.95,114.89,21% S
INV/2026/00050,product,,,"Pago fraccionado mensual correspondiente a los siguientes servicios:
* Adecuación a la LSSI-CE
* Mantenimiento experto en LSSI-CE",1.00,29.95,29.95,36.24,21% S
INV/2026/00051,product,,,"Pago fraccionado trimestral correspondiente a los siguientes servicios:
* Adecuación al RGPD-LOPDGDD
* Mantenimiento experto en RGPD-LOPDGDD
* Adecuación a la LSSI-CE
* Mantenimiento experto en LSSI-CE",1.00,209.44,209.44,253.42,21% S
INV/2026/00052,product,,,"Pago fraccionado mensual correspondiente a los siguientes servicios:
* Auditoría Informática de cumplimiento de la Directiva (UE) 2019/882 y su transposición en España mediante la Ley 11/2023",1.00,33.00,33.00,39.93,21% S
INV/2026/00053,product,,,"Pago fraccionado mensual correspondiente a los siguientes servicios:
* Adecuación al RGPD-LOPDGDD
* Mantenimiento experto en RGPD-LOPDGDD
* Adecuación al LSSI-CE
* Mantenimiento experto en LSSI-CE",1.00,38.96,38.96,47.14,21% S
INV/2026/00054,product,,,"Pago fraccionado mensual correspondiente a los servicios de:
* Adecuación al RGPD y a la LOPDGDD
* Mantenimiento experto en RGPD y a la LOPDGDD",1.00,44.95,44.95,54.39,21% S
INV/2026/00055,product,,,"Pagament fraccionat mensual corresponent als següents serveis:
* Adequació al RGPD-LOPDGDD
* Manteniment expert en RGPD-LOPDGDD",1.00,59.45,59.45,71.93,21% S
INV/2026/00056,product,,,"Pagament fraccionat mensual corresponent als següents serveis:
* Adequació a la LSSI-CE
* Manteniment expert en LSSI-CE",1.00,14.95,14.95,18.09,21% S
INV/2026/00057,product,,,"Pago fraccionado mensual correspondiente a los servicios de:
* Adecuación al RGPD y a la LOPDGDD
* Mantenimiento experto en RGPD y a la LOPDGDD",1.00,74.95,74.95,90.69,21% S
INV/2026/00058,product,,,"Cuota mensual relativos a los servicios de:
* Adecuación al RGPD y a la LOPDGDD
* Mantenimiento experto en RGPD y a la LOPDGDD",1.00,38.97,38.97,47.15,21% S
INV/2026/00059,product,,,"Cuota mensual relativos a los servicios de:
* Adecuación a la LSSI-CE
* Mantenimiento experto en LSSI-CE",1.00,19.14,19.14,23.16,21% S
INV/2026/00060,product,,,"Pago fraccionado mensual correspondiente a los siguientes servicios:
* Adecuación al RGPD-LOPDGDD
* Mantenimiento experto en RGPD-LOPDGDD",1.00,31.65,31.65,38.30,21% S
INV/2026/00061,product,,,"Pago fraccionado mensual correspondiente a los siguientes servicios:
* Adecuación a la LSSI-CE
* Mantenimiento experto en LSSI-CE",1.00,21.08,21.08,25.51,21% S
INV/2026/00062,product,,,"Cuota mensual relativos a los servicios de:
* Adecuación al RGPD y a la LOPDGDD
* Mantenimiento experto en RGPD y a la LOPDGDD",1.00,39.45,39.45,47.73,21% S
INV/2026/00063,product,,,"Cuota mensual relativos a los servicios de:
* Adecuación a la LSSI-CE
* Mantenimiento experto en LSSI-CE",1.00,12.50,12.50,15.13,21% S
INV/2026/00064,product,,,"Pago fraccionado mensual correspondiente a los siguientes servicios:
* Adecuación al RGPD-LOPDGDD
* Mantenimiento experto en RGPD-LOPDGDD",1.00,97.45,97.45,117.91,21% S
INV/2026/00065,product,,,"Pago fraccionado mensual correspondiente a los siguientes servicios:
* Adecuación a la LSSI-CE
* Mantenimiento experto en LSSI-CE",1.00,19.50,19.50,23.60,21% S
INV/2026/00066,product,,,"Pago fraccionado mensual correspondiente a los siguientes servicios:
* Adecuación al RGPD-LOPDGDD
* Mantenimiento experto en el RGPD-LOPDGDD",1.00,44.55,44.55,53.91,21% S
INV/2026/00066,product,,,"Pago fraccionado mensual correspondiente a los siguientes servicios:
* Adecuación a la LSSI-CE
* Mantenimiento experto en la LSSI-CE",1.00,22.24,22.24,26.91,21% S
INV/2026/00066,product,,,"Pago fraccionado mensual correspondiente a los siguientes servicios:
* Análisis, desarrollo y puesta en marcha del Protocolo de acoso laboral,
sexual y por razón de sexo.
* Mantenimiento experto en el Protocolo de acoso laboral,
sexual y por razón de sexo.",1.00,20.45,20.45,24.74,21% S
INV/2026/00066,product,,,"Pago fraccionado mensual correspondiente a los siguientes servicios:
* Análisis, desarrollo y puesta en marcha del Protocolo de Desconexión Digital.
* Mantenimiento experto en el Protocolo de Desconexión Digital",1.00,15.32,15.32,18.54,21% S
INV/2026/00067,product,,,"Pago fraccionado mensual correspondiente a los siguientes servicios:
* Adecuación al RGPD-LOPDGDD
* Mantenimiento experto en RGPD-LOPDGDD
* Adecuación a la LSSI-CE
* Mantenimiento experto en LSSI-CE",1.00,31.65,31.65,38.30,21% S
INV/2026/00068,product,,,"Pago fraccionado mensual correspondiente a los siguientes servicios:
* Adecuación al RGPD-LOPDGDD
* Mantenimiento experto en RGPD-LOPDGDD
* Adecuación a la LSSI-CE
* Mantenimiento experto en LSSI-CE",1.00,36.93,36.93,44.69,21% S
INV/2026/00069,product,,,"Pago fraccionado mensual correspondiente a los siguientes servicios:
* Análisis, desarrollo y puesta en marcha del Protocolo de acoso laboral,
sexual y por razón de sexo.
* Mantenimiento experto en el Protocolo de acoso laboral,
sexual y por razón de sexo.",1.00,39.95,39.95,48.34,21% S
INV/2026/00070,product,,,"Pago fraccionado mensual correspondiente a los siguientes servicios:
* Análisis, desarrollo y puesta en marcha del
Protocolo de Desconexión Digital
* Mantenimiento experto en el Protocolo de Desconexión Digital.",1.00,24.95,24.95,30.19,21% S
INV/2026/00071,product,,,"Pago fraccionado mensual correspondiente a los siguientes servicios:
* Adecuación al RGPD-LOPDGDD
* Mantenimiento experto en RGPD-LOPDGDD
* Adecuación a la LSSI-CE
* Mantenimiento experto en LSSI-CE",1.00,41.24,41.24,49.90,21% S
INV/2026/00072,product,,,"Cuota mensual de mantenimiento integral sobre el
Reglamento General de Protección de Datos",1.00,15.80,15.80,19.12,21% S
INV/2026/00073,product,,,"Cuota mensual relativos a los servicios del Canal de Denuncias:
Mantenimiento de la plataforma web para la recepción, almacenamiento
y gestión de denuncias.
Servicio externalizado de gestión, asesoramiento y
soporte de denuncias.",1.00,91.69,91.69,110.94,21% S
INV/2026/00074,product,,,"Pago fraccionado mensual correspondiente a los siguientes servicios:
* Adecuación al RGPD-LOPDGDD
* Mantenimiento experto en RGPD-LOPDGDD
* Adecuación a la LSSI-CE
* Mantenimiento experto en LSSI-CE",1.00,41.53,41.53,50.25,21% S
INV/2026/00075,product,,,"Pago fraccionado mensual correspondiente a los siguientes servicios:
* Adecuación al RGPD-LOPDGDD
* Mantenimiento experto en RGPD-LOPDGDD",1.00,50.11,50.11,60.63,21% S
INV/2026/00076,product,,,"Pago fraccionado mensual correspondiente a los siguientes servicios:
* Adecuación a la LSSI-CE
* Mantenimiento experto en LSSI-CE",1.00,12.48,12.48,15.10,21% S
INV/2026/00077,product,,,"Pago fraccionado mensual correspondiente a los siguientes servicios:
* Análisis, desarrollo y puesta en marcha del Protocolo de acoso laboral,
sexual y por razón de sexo.
* Mantenimiento experto en el Protocolo de acoso laboral,
sexual y por razón de sexo.",1.00,28.66,28.66,34.68,21% S
INV/2026/00078,product,,,"Pago fraccionado mensual correspondiente a los siguientes servicios:
* Adecuación al RGPD-LOPDGDD
* Mantenimiento experto en RGPD-LOPDGDD
* Adecuación a la LSSI-CE
* Mantenimiento experto en LSSI-CE",1.00,40.52,40.52,49.03,21% S
INV/2026/00079,product,,,"Cuota mensual relativos a los servicios de:
* Adecuación al RGPD y a la LOPDGDD
* Mantenimiento experto en RGPD y a la LOPDGDD",1.00,60.94,60.94,73.74,21% S
INV/2026/00080,product,,,"Cuota mensual relativos a los servicios de:
* Adecuación a la LSSI-CE
* Mantenimiento experto en LSSI-CE",1.00,15.32,15.32,18.54,21% S
INV/2026/00081,product,,,"Pago fraccionado mensual correspondiente a los siguientes servicios:
* Adecuación al RGPD-LOPDGDD
* Mantenimiento experto en RGPD-LOPDGDD
* Adecuación a la LSSI-CE
* Mantenimiento experto en LSSI-CE",1.00,38.39,38.39,46.45,21% S
INV/2026/00082,product,,,"Cuota mensual relativos a los servicios de:
* Adecuación al RGPD y a la LOPDGDD
* Mantenimiento experto en el RGPD y en la LOPDGDD",1.00,39.42,39.42,47.70,21% S
INV/2026/00083,product,,,"Pago fraccionado mensual correspondiente a los siguientes servicios:
* Adecuación al RGPD-LOPDGDD
* Mantenimiento experto en RGPD-LOPDGDD
* Adecuación a la LSSI-CE
* Mantenimiento experto en LSSI-CE",1.00,40.71,40.71,49.26,21% S
INV/2026/00084,product,,,"Cuota mensual relativos a los servicios de:
* Adecuación al RGPD y a la LOPDGDD
* Mantenimiento experto en RGPD y a la LOPDGDD",1.00,19.48,19.48,23.57,21% S
INV/2026/00085,product,,,"Pago fraccionado mensual correspondiente a los siguientes servicios:
* Adecuación al RGPD-LOPDGDD
* Mantenimiento experto en RGPD-LOPDGDD",1.00,32.28,32.28,39.06,21% S
INV/2026/00086,product,,,"Pago fraccionado trimestral correspondiente a los siguientes servicios:
* Adecuación al RGPD-LOPDGDD
* Mantenimiento experto en RGPD-LOPDGDD
* Adecuación a la LSSI-CE
* Mantenimiento experto en LSSI-CE",1.00,209.44,209.44,253.42,21% S
INV/2026/00087,product,,,"Pago fraccionado mensual correspondiente a los siguientes servicios:
* Auditoría Informática de cumplimiento de la Directiva (UE) 2019/882 y su transposición en España mediante la Ley 11/2023",1.00,33.00,33.00,39.93,21% S
INV/2026/00088,product,,,"Cuota mensual de mantenimiento integral sobre el
Reglamento General de Protección de Datos",1.00,41.69,41.69,50.44,21% S
INV/2026/00089,product,,,"Pago fraccionado mensual correspondiente a los siguientes servicios:
* Adecuación al LSSI-CE
* Mantenimiento experto en LSSI-CE",1.00,15.80,15.80,19.12,21% S
INV/2026/00090,product,,,"Pago fraccionado mensual correspondiente a los siguientes servicios:
* Adecuación al RGPD-LOPDGDD
* Mantenimiento experto en RGPD-LOPDGDD
* Adecuación a la LSSI-CE
* Mantenimiento experto en LSSI-CE",1.00,41.69,41.69,50.44,21% S
INV/2026/00091,product,,,"Publicació i proves nou tipus exportació fulletó ""Minerva""",1.00,43.00,43.00,52.03,21% S
INV/2026/00091,product,,,"Canvis nou tipus exportació fulletó ""Minerva"" després de presentar-lo",1.50,43.00,64.50,78.05,21% S
INV/2026/00091,product,,,Solucionar problema en la importació de preus al fulletó via Excel ,1.00,43.00,43.00,52.03,21% S
INV/2026/00091,product,,,Solucionar problema en la importació d'articles al fulletó via Excel ,1.00,43.00,43.00,52.03,21% S
INV/2026/00091,product,,,"Publicació i proves nou tipus exportació fulletó ""Minerva""",1.00,43.00,43.00,52.03,21% S
INV/2026/00091,product,,,"Noves modificacions exportació fulletó ""Minerva""",2.50,43.00,107.50,130.08,21% S
INV/2026/00091,product,,,"Publicació i proves nou tipus exportació fulletó ""Minerva""",1.00,43.00,43.00,52.03,21% S
INV/2026/00091,product,,,"Canvis nou tipus exportació fulletó ""Minerva"". Afegir codi de Euroventa al Excel.",1.00,43.00,43.00,52.03,21% S
INV/2026/00091,product,,,"Publicació i proves nou tipus exportació fulletó ""Minerva""",1.00,43.00,43.00,52.03,21% S
INV/2026/00091,product,,,"En el mòdul de fulletó, filtrar llista de fuletons perque mostri sols les de 6 mesos anteriors (petició Eva 18/12/2025)",1.50,43.00,64.50,78.05,21% S
INV/2026/00091,product,,,Publicació i proves,1.00,43.00,43.00,52.03,21% S
INV/2026/00091,product,,,"29/12/2025 - Reunió anàlisi nous Excels ""unificat"" i ""A5"" dins de Fulletó. Assistens: Andreu, Mati, Yolanda.",1.50,43.00,64.50,78.05,21% S
INV/2026/00092,product,,,Tareas relacionadas con la entrada de la denuncia nº 100557 a través del Sistema de Información Interno de la compañía:,12.00,74.95,899.40,1088.27,21% S
INV/2026/00093,product,,,40% inicio proyecto relacionado con el presupuesto para la realización de un Análisis básico de la Seguridad Informática basado en la ISO 27001,1.00,419.72,419.72,507.86,21% S
INV/2026/00094,product,,,"Factura correspondiente al curso bonificado:
Curso sobre la prevención y el tratamiento del Acoso laboral, sexual y por razón de sexo en el Trabajo",2.00,105.00,210.00,254.10,21% S
INV/2026/00095,product,,,"Pago fraccionado mensual correspondiente a los siguientes servicios:
* Adecuación al RGPD-LOPDGDD
* Mantenimiento experto en RGPD-LOPDGDD
* Adecuación a la LSSI-CE
* Mantenimiento experto en LSSI-CE",1.00,38.00,38.00,45.98,21% S
INV/2026/00096,product,,,"Pago fraccionado mensual correspondiente a los siguientes servicios:
* Adecuación al RGPD-LOPDGDD
* Mantenimiento experto en RGPD-LOPDGDD",1.00,16.35,16.35,19.78,21% S
INV/2026/00097,product,,,"Cuota mensual de mantenimiento integral sobre el
Reglamento General de Protección de Datos",1.00,32.84,32.84,39.74,21% S
INV/2026/00098,product,,,"Cuota mensual relativos a los servicios del Canal de Denuncias:
Mantenimiento de la plataforma web para la recepción, almacenamiento
y gestión de denuncias.
Servicio externalizado de gestión, asesoramiento y
soporte de denuncias.",1.00,94.87,94.87,114.79,21% S
INV/2026/00099,product,,,"Cuota mensual relativos a los servicios de Delegado de Protección de Datos:
Representación como Delegado de Protección de Datos (DPD) externo
frente a la Agencia Española de Protección de Datos (AGPD).
Atender las peticiones de la Agencia Española de Protección de Datos.
Consultas ilimitadas en lo referente a las funciones y obligaciones del DPD.",1.00,42.14,42.14,50.99,21% S
INV/2026/00100,product,,,"Cuota mensual relativos a los servicios de:
* Adecuación al RGPD y a la LOPDGDD
* Mantenimiento experto en el RGPD y en&nbsp;la LOPDGDD",1.00,100.68,100.68,121.82,21% S
INV/2026/00101,product,,,"Cuota mensual relativos a los servicios de:
* Adecuación a la LSSI-CE
* Mantenimiento experto en la LSSI-CE",1.00,15.76,15.76,19.07,21% S
INV/2026/00102,product,,,"Pago fraccionado mensual correspondiente a los siguientes servicios:
* Adecuación al RGPD-LOPDGDD
* Mantenimiento experto en RGPD-LOPDGDD
* Adecuación a la LSSI-CE
* Mantenimiento experto en LSSI-CE",1.00,33.00,33.00,39.93,21% S
INV/2026/00103,product,,,"Pago fraccionado mensual correspondiente a los siguientes servicios:
* Adecuación al RGPD-LOPDGDD
* Mantenimiento experto en RGPD-LOPDGDD
* Adecuación a la LSSI-CE
* Mantenimiento experto en LSSI-CE",1.00,21.66,21.66,26.21,21% S
INV/2026/00104,product,,,"Pago fraccionado mensual correspondiente a los siguientes servicios:
* Adecuación al RGPD-LOPDGDD
* Mantenimiento experto en RGPD-LOPDGDD
* Adecuación al LSSI-CE
* Mantenimiento experto en LSSI-CE",1.00,14.95,14.95,18.09,21% S
INV/2026/00105,product,,,"Pago fraccionado mensual correspondiente a los siguientes servicios:
* Adecuación a la LSSI-CE
* Mantenimiento LSSI-CE",1.00,32.57,32.57,39.41,21% S
INV/2026/00106,product,,,"Pago fraccionado mensual correspondiente a los siguientes servicios:
* Adecuación al RGPD-LOPDGDD
* Mantenimiento experto en RGPD-LOPDGDD
* Adecuación al LSSI-CE
* Mantenimiento experto en LSSI-CE",1.00,34.36,34.36,41.58,21% S
INV/2026/00107,product,,,"Pago fraccionado mensual correspondiente a los siguientes servicios:
* Adecuación al RGPD-LOPDGDD
* Mantenimiento experto en RGPD-LOPDGDD",1.00,51.56,51.56,62.39,21% S
INV/2026/00108,product,,,"Pago fraccionado mensual correspondiente a los siguientes servicios:
* Adecuación al RGPD-LOPDGDD
* Mantenimiento experto en RGPD-LOPDGDD",1.00,45.84,45.84,55.47,21% S
INV/2026/00109,product,,,"Cuota mensual relativos a los servicios de:
* Adecuación al RGPD y a la LOPDGDD
* Mantenimiento experto en RGPD y a la LOPDGDD",1.00,45.84,45.84,55.47,21% S
INV/2026/00110,product,,,"Cuota mensual relativos a los servicios de:
* Adecuación a la LSSI-CE
* Mantenimiento experto en LSSI-CE",1.00,13.65,13.65,16.52,21% S
INV/2026/00111,product,,,"Pago fraccionado mensual correspondiente a los siguientes servicios:
* Mantenimiento experto en RGPD-LOPDGDD
* Mantenimiento experto en RGPD
* Adecuación a la LSSI-CE
* Mantenimiento experto en LSSI-CE",1.00,57.31,57.31,69.35,21% S
INV/2026/00112,product,,,"Pago fraccionado mensual correspondiente a los siguientes servicios:
* Adecuación al RGPD-LOPDGDD
* Mantenimiento experto en RGPD-LOPDGDD
* Adecuación a la LSSI-CE
* Mantenimiento experto en LSSI-CE",1.00,48.90,48.90,59.17,21% S
INV/2026/00113,product,,,"Pago fraccionado mensual correspondiente a los siguientes servicios:
* Adecuación al RGPD-LOPDGDD
* Mantenimiento experto en RGPD-LOPDGDD
* Adecuación a la LSSI-CE
* Mantenimiento experto en LSSI-CE",1.00,26.10,26.10,31.58,21% S
INV/2026/00114,product,,,"Pago fraccionado mensual correspondiente a los siguientes servicios:
* Adecuación al RGPD-LOPDGDD
* Mantenimiento experto en RGPD-LOPDGDD",1.00,32.57,32.57,39.41,21% S
INV/2026/00115,product,,,"Pago fraccionado mensual correspondiente a los siguientes servicios:
* Adecuación al RGPD-LOPDGDD
* Mantenimiento experto en RGPD-LOPDGDD
* Adecuación a la LSSI-CE
* Mantenimiento experto en LSSI-CE",1.00,36.33,36.33,43.96,21% S
INV/2026/00116,product,,,"Mantenimiento integral sobre el RGPD
Mantenimiento integral sobre la LOPDGDD",1.00,21.69,21.69,26.24,21% S
INV/2026/00117,product,,,"Pago fraccionado mensual correspondiente a los siguientes servicios:
* Auditoría Informática de cumplimiento de la Directiva (UE) 2019/882 y su transposición en España mediante la Ley 11/2023",1.00,61.23,61.23,74.09,21% S
INV/2026/00118,product,,,"Cuota mensual relativos a los servicios de Delegado de Protección de Datos:
Representación como Delegado de Protecció de Datos (DPD) externo
frente a la Agencia Española de Protección de Datos (AGPD).
Atender las peticiones de la Agencia Española de Protección de Datos.
Consultas ilimitadas en lo referente a las funciones y obligaciones del DPD.
(Contrato servicios firmado 01/06/2024)",1.00,69.56,69.56,84.17,21% S
INV/2026/00119,product,,,"Pago fraccionado mensual correspondiente a los siguientes servicios:
* Adecuación al RGPD-LOPDGDD
* Mantenimiento experto en RGPD-LOPDGDD
* Adecuación a la LSSI-CE
* Mantenimiento experto en LSSI-CE",1.00,43.45,43.45,52.57,21% S
INV/2026/00120,product,,,"Pago fraccionado mensual correspondiente a los siguientes servicios:
* Adecuación al RGPD-LOPDGDD
* Mantenimiento experto en RGPD-LOPDGDD",1.00,92.04,92.04,111.37,21% S
INV/2026/00120,product,,,"Pago fraccionado mensual correspondiente a los siguientes servicios:
* Adecuación a la LSSI-CE
* Mantenimiento experto en LSSI-CE",1.00,14.92,14.92,18.05,21% S
INV/2026/00121,product,,,"Cuota mensual relativos a los servicios del Canal de Denuncias:
Mantenimiento de la plataforma web para la recepción, almacenamiento
y gestión de denuncias.
Servicio externalizado de gestión, asesoramiento y
soporte de denuncias.",1.00,113.86,113.86,137.77,21% S
INV/2026/00122,product,,,"Pago fraccionado mensual correspondiente a los siguientes servicios:
* Adecuación al RGPD-LOPDGDD
* Mantenimiento experto en RGPD-LOPDGDD
* Adecuación a la LSSI-CE
* Mantenimiento experto en LSSI-CE",1.00,53.53,53.53,64.77,21% S
INV/2026/00123,product,,,"Pago fraccionado mensual correspondiente a los siguientes servicios:
* Adecuación al RGPD-LOPDGDD
* Mantenimiento experto en RGPD-LOPDGDD",1.00,37.70,37.70,45.62,21% S
INV/2026/00124,product,,,"Cuota mensual relativa a los servicios de:
* Adecuación al RGPD y a la LOPDGDD
* Mantenimiento experto en RGPD y a la LOPDGDD",1.00,56.50,56.50,68.37,21% S
INV/2026/00125,product,,,"Cuota mensual relativos a los servicios de:
* Adecuación a la LSSI-CE
* Mantenimiento experto en LSSI-CE",1.00,14.43,14.43,17.46,21% S
INV/2026/00126,product,,,"Pago fraccionado mensual correspondiente a los servicios de:
* Adecuación al RGPD y a la LOPDGDD
* Mantenimiento experto en RGPD y a la LOPDGDD",1.00,97.70,97.70,118.22,21% S
INV/2026/00127,product,,,"Pago fraccionado mensual correspondiente a los siguientes servicios:
* Adecuación a la LSSI-CE
* Mantenimiento experto en LSSI-CE",1.00,30.82,30.82,37.29,21% S
INV/2026/00128,product,,,"Pago fraccionado mensual correspondiente a los siguientes servicios:
* Adecuación al RGPD-LOPDGDD
* Mantenimiento experto en RGPD-LOPDGDD
* Adecuación al LSSI-CE
* Mantenimiento experto en LSSI-CE",1.00,40.09,40.09,48.51,21% S
INV/2026/00129,product,,,"Pago fraccionado mensual correspondiente a los siguientes servicios:
* Auditoría Informática de cumplimiento de la Directiva (UE) 2019/882 y su transposición en España mediante la Ley 11/2023",1.00,33.96,33.96,41.09,21% S
INV/2026/00130,product,,,"Pago fraccionado mensual correspondiente a los servicios de:
* Adecuación al RGPD y a la LOPDGDD
* Mantenimiento experto en RGPD y a la LOPDGDD",1.00,77.12,77.12,93.32,21% S
INV/2026/00131,product,,,"Pagament fraccionat mensual corresponent als següents serveis:
* Adequació al RGPD-LOPDGDD
* Manteniment expert en RGPD-LOPDGDD",1.00,61.17,61.17,74.02,21% S
INV/2026/00132,product,,,"Pagament fraccionat mensual corresponent als següents serveis:
* Adequació a la LSSI-CE
* Manteniment expert en LSSI-CE",1.00,15.38,15.38,18.61,21% S
INV/2026/00133,product,,,"Pago fraccionado mensual correspondiente a los servicios de:
* Adecuación al RGPD y a la LOPDGDD
* Mantenimiento experto en RGPD y a la LOPDGDD",1.00,46.25,46.25,55.96,21% S
INV/2026/00134,product,,,"Cuota mensual relativos a los servicios del Canal de Denuncias:
Mantenimiento de la plataforma web para la recepción, almacenamiento
y gestión de denuncias.
Servicio externalizado de gestión, asesoramiento y
soporte de denuncias.",1.00,105.42,105.42,127.56,21% S
INV/2026/00135,product,,,"Cuota mensual relativos a los servicios de Delegado de Protección de Datos:
Representació com a Delegat de Protecció de Dades (DPD) extern
frente a la Agencia Española de Protección de Datos (AGPD).
Atender las peticiones de la Agencia Española de Protección de Datos.
Consultas ilimitadas en lo referente a las funciones y obligaciones del DPD.",1.00,42.14,42.14,50.99,21% S
INV/2026/00136,product,,,"Pago fraccionado mensual correspondiente a los siguientes servicios:
* Adecuación al RGPD-LOPDGDD
* Mantenimiento experto en el RGPD-LOPDGDD",1.00,57.85,57.85,70.00,21% S
INV/2026/00137,product,,,"Pago fraccionado mensual correspondiente a los siguientes servicios:
* Adecuación a la LSSI-CE
* Mantenimiento experto en la LSSI-CE",1.00,20.03,20.03,24.24,21% S
INV/2026/00138,product,,,"Cuota mensual relativos a los servicios de:
* Adecuación al RGPD y a la LOPDGDD
* Mantenimiento experto en RGPD y a la LOPDGDD",1.00,40.59,40.59,49.11,21% S
INV/2026/00139,product,,,"Cuota mensual relativos a los servicios de:
* Adecuación a la LSSI-CE
* Mantenimiento experto en LSSI-CE",1.00,12.86,12.86,15.56,21% S
INV/2026/00140,product,,,"Cuota mensual relativos a los servicios de:
* Adecuación al RGPD y a la LOPDGDD
* Mantenimiento experto en RGPD y a la LOPDGDD",1.00,40.10,40.10,48.52,21% S
INV/2026/00141,product,,,"Cuota mensual relativos a los servicios de:
* Adecuación a la LSSI-CE
* Mantenimiento experto en LSSI-CE",1.00,19.70,19.70,23.84,21% S
INV/2026/00142,product,,,"Pago fraccionado mensual correspondiente a los siguientes servicios:
* Adecuación al RGPD-LOPDGDD
* Mantenimiento experto en el RGPD-LOPDGDD",1.00,45.84,45.84,55.47,21% S
INV/2026/00142,product,,,"Pago fraccionado mensual correspondiente a los siguientes servicios:
* Adecuación a la LSSI-CE
* Mantenimiento experto en la LSSI-CE",1.00,22.88,22.88,27.68,21% S
INV/2026/00142,product,,,"Pago fraccionado mensual correspondiente a los siguientes servicios:
* Análisis, desarrollo y puesta en marcha del Protocolo de acoso laboral,
sexual y por razón de sexo.
* Mantenimiento experto en el Protocolo de acoso laboral,
sexual y por razón de sexo.",1.00,21.04,21.04,25.46,21% S
INV/2026/00142,product,,,"Pago fraccionado mensual correspondiente a los siguientes servicios:
* Análisis, desarrollo y puesta en marcha del Protocolo de Desconexión Digital.
* Mantenimiento experto en el Protocolo de Desconexión Digital",1.00,15.76,15.76,19.07,21% S
INV/2026/00143,product,,,"Pago fraccionado mensual correspondiente a los siguientes servicios:
* Adecuación al RGPD-LOPDGDD
* Mantenimiento experto en RGPD-LOPDGDD",1.00,32.57,32.57,39.41,21% S
INV/2026/00144,product,,,"Pago fraccionado mensual correspondiente a los siguientes servicios:
* Adecuación a la LSSI-CE
* Mantenimiento experto en LSSI-CE",1.00,21.69,21.69,26.24,21% S
INV/2026/00145,product,,,"Pago fraccionado mensual correspondiente a los siguientes servicios:
* Adecuación al RGPD-LOPDGDD
* Mantenimiento experto en RGPD-LOPDGDD",1.00,100.28,100.28,121.34,21% S
INV/2026/00146,product,,,"Pago fraccionado mensual correspondiente a los siguientes servicios:
* Adecuación a la LSSI-CE
* Mantenimiento experto en LSSI-CE",1.00,20.07,20.07,24.28,21% S
INV/2026/00147,product,,,"Pago fraccionado mensual correspondiente a los siguientes servicios:
* Adecuación al RGPD-LOPDGDD
* Mantenimiento experto en RGPD-LOPDGDD
* Adecuación a la LSSI-CE
* Mantenimiento experto en LSSI-CE",1.00,32.57,32.57,39.41,21% S
INV/2026/00148,product,,,"Cuota mensual relativos a los servicios del Canal de Denuncias:
Mantenimiento de la plataforma web para la recepción, almacenamiento
y gestión de denuncias.
Servicio externalizado de gestión, asesoramiento y
soporte de denuncias.",1.00,94.35,94.35,114.16,21% S
INV/2026/00149,product,,,"Pago fraccionado mensual correspondiente a los siguientes servicios:
* Adecuación al RGPD-LOPDGDD
* Mantenimiento experto en RGPD-LOPDGDD
* Adecuación a la LSSI-CE
* Mantenimiento experto en LSSI-CE",1.00,38.00,38.00,45.98,21% S
INV/2026/00150,product,,,"Pago fraccionado mensual correspondiente a los siguientes servicios:
* Adecuación al RGPD-LOPDGDD
* Mantenimiento experto en RGPD-LOPDGDD",1.00,51.56,51.56,62.39,21% S
INV/2026/00151,product,,,"Pago fraccionado mensual correspondiente a los siguientes servicios:
* Adecuación a la LSSI-CE
* Mantenimiento experto en LSSI-CE",1.00,12.84,12.84,15.54,21% S
INV/2026/00152,product,,,"Pago fraccionado mensual correspondiente a los siguientes servicios:
* Análisis, desarrollo y puesta en marcha del Protocolo de acoso laboral,
sexual y por razón de sexo.
* Mantenimiento experto en el Protocolo de acoso laboral,
sexual y por razón de sexo.",1.00,29.49,29.49,35.68,21% S
INV/2026/00153,product,,,"Pago fraccionado mensual correspondiente a los siguientes servicios:
* Adecuación al RGPD-LOPDGDD
* Mantenimiento experto en RGPD-LOPDGDD
* Adecuación a la LSSI-CE
* Mantenimiento experto en LSSI-CE",1.00,41.70,41.70,50.46,21% S
INV/2026/00154,product,,,"Pago fraccionado mensual correspondiente a los siguientes servicios:
* Adecuación al RGPD-LOPDGDD
* Mantenimiento experto en RGPD-LOPDGDD
* Adecuación a la LSSI-CE
* Mantenimiento experto en LSSI-CE",1.00,42.44,42.44,51.35,21% S
INV/2026/00155,product,,,"Pago fraccionado mensual correspondiente a los siguientes servicios:
* Auditoría Informática de cumplimiento de la Directiva (UE) 2019/882 y su transposición en España mediante la Ley 11/2023",1.00,33.96,33.96,41.09,21% S
INV/2026/00156,product,,,"Cuota mensual relativos a los servicios de:
* Adecuación a la LSSI-CE
* Mantenimiento experto en LSSI-CE",1.00,15.76,15.76,19.07,21% S
INV/2026/00157,product,,,"Pago fraccionado mensual correspondiente a los siguientes servicios:
* Adecuación al RGPD-LOPDGDD
* Mantenimiento experto en RGPD-LOPDGDD
* Adecuación a la LSSI-CE
* Mantenimiento experto en LSSI-CE",1.00,41.90,41.90,50.70,21% S
INV/2026/00158,product,,,"Quota mensual de manteniment integral sobre el
Reglament General de Protecció de Dades",1.00,32.57,32.57,39.41,21% S
INV/2026/00159,product,,,"Quota mensual relatius als serveis de:
* Adequació al RGPD i a la LOPDGDD
* Manteniment expert en RGPD i a la LOPDGDD",1.00,31.59,31.59,38.22,21% S
INV/2026/00160,product,,,"Pago fraccionado mensual correspondiente a los siguientes servicios:
* Adecuación a la LSSI-CE
* Mantenimiento experto en LSSI-CE",1.00,12.84,12.84,15.54,21% S
INV/2026/00161,product,,,"Pago fraccionado mensual correspondiente a los siguientes servicios:
* Adecuación al RGPD-LOPDGDD
* Mantenimiento experto en RGPD-LOPDGDD",1.00,15.50,15.50,18.76,21% S
INV/2026/00162,product,,,"Pagament fraccionat mensual corresponent als següents serveis:
* Adequació al RGPD-LOPDGDD
* Manteniment expert en RGPD-LOPDGDD
* Adequació a la LSSI-CE
* Manteniment expert en LSSI-CE",1.00,43.60,43.60,52.76,21% S
INV/2026/00163,product,,,"Cuota mensual de mantenimiento integral sobre el
Reglamento General de Protección de Datos",1.00,42.90,42.90,51.91,21% S
INV/2026/00164,product,,,"Pago fraccionado mensual correspondiente a los siguientes servicios:
* Adecuación al LSSI-CE
* Mantenimiento experto en LSSI-CE",1.00,16.26,16.26,19.67,21% S
INV/2026/00165,product,,,"Quota mensual relatius als serveis del Canal de Denúncies:
Manteniment de la plataforma web per a la recepció, emmagatzematge
i gestió de denúncies.
Servei externalitzat de gestió, assessorament i
suport de denúncies.",1.00,63.25,63.25,76.53,21% S
INV/2026/00166,product,,,"Quota mensual relatius als serveis de Delegat de Protecció de Dades:
Manteniment de la plataforma web per a la recepció, emmagatzematge
enfront de l'Agència Espanyola de Protecció de Dades (AGPD).
Atendre les peticions de l'Agència Espanyola de Protecció de Dades.
Consultes il·limitades referent a les funcions i obligacions del DPD.",1.00,44.27,44.27,53.57,21% S
INV/2026/00167,product,,,"Pago fraccionado mensual correspondiente a los siguientes servicios:
* Adecuación al RGPD-LOPDGDD
* Mantenimiento experto en RGPD-LOPDGDD
* Adecuación a la LSSI-CE
* Mantenimiento experto en LSSI-CE",1.00,39.90,39.90,48.28,21% S
INV/2026/00168,product,,,"Cuota mensual relativos a los servicios del Sistema de Información Interno:
Mantenimiento de la plataforma web para la recepción, almacenamiento
y gestión de denuncias.
Servicio externalizado de gestión, asesoramiento y
soporte de denuncias.",1.00,125.94,125.94,152.39,21% S
INV/2026/00169,product,,,"Pago fraccionado mensual correspondiente a los siguientes servicios:
* Adecuación al RGPD-LOPDGDD
* Mantenimiento experto en RGPD-LOPDGDD
* Adecuación al LSSI-CE
* Mantenimiento experto en LSSI-CE",1.00,32.57,32.57,39.41,21% S
INV/2026/00170,product,,,"Pago fraccionado mensual correspondiente a los siguientes servicios:
* Adecuación al RGPD-LOPDGDD
* Mantenimiento experto en RGPD-LOPDGDD
* Adecuación a la LSSI-CE
* Mantenimiento experto en LSSI-CE",1.00,21.66,21.66,26.21,21% S
INV/2026/00171,product,,,"Pago fraccionado mensual correspondiente a los siguientes servicios:
* Adecuación al RGPD-LOPDGDD
* Mantenimiento experto en RGPD-LOPDGDD
* Adecuación a la LSSI-CE
* Mantenimiento experto en LSSI-CE",1.00,42.90,42.90,51.91,21% S
INV/2026/00172,product,,,"Cuota mensual relativos a los servicios de:
* Adecuación al RGPD y a la LOPDGDD
* Mantenimiento experto en RGPD y a la LOPDGDD",1.00,19.48,19.48,23.57,21% S
INV/2026/00173,product,,,"Cuota mensual relativos a los servicios de:
* Adecuación al RGPD y a la LOPDGDD
* Mantenimiento experto en el RGPD y en la LOPDGDD",1.00,39.42,39.42,47.70,21% S
INV/2026/00174,product,,,"Cuota mensual relativos a los servicios de:
* Adecuación al RGPD y a la LOPDGDD
* Mantenimiento experto en RGPD y a la LOPDGDD",1.00,62.71,62.71,75.88,21% S
INV/2026/00175,product,,,"Cuota mensual relativos a los servicios de:
* Adecuación a la LSSI-CE
* Mantenimiento experto en LSSI-CE",1.00,15.76,15.76,19.07,21% S
INV/2026/00176,product,,,"Pago fraccionado mensual correspondiente a los siguientes servicios:
* Adecuación al RGPD-LOPDGDD
* Mantenimiento experto en RGPD-LOPDGDD
* Adecuación a la LSSI-CE
* Mantenimiento experto en LSSI-CE",1.00,42.73,42.73,51.70,21% S
INV/2026/00177,product,,,"Cuota mensual de mantenimiento integral sobre el
Reglamento General de Protección de Datos",1.00,16.26,16.26,19.67,21% S
INV/2026/00178,product,,,"Pago fraccionado mensual correspondiente a los siguientes servicios:
* Adecuación al RGPD-LOPDGDD
* Mantenimiento experto en RGPD-LOPDGDD
* Adecuación a la LSSI-CE
* Mantenimiento experto en LSSI-CE",1.00,39.50,39.50,47.80,21% S
INV/2026/00179,product,,,"Pago fraccionado mensual correspondiente a los siguientes servicios:
* Adecuación al RGPD-LOPDGDD
* Mantenimiento experto en RGPD-LOPDGDD
* Adecuación a la LSSI-CE
* Mantenimiento experto en LSSI-CE",1.00,41.89,41.89,50.69,21% S
INV/2026/00180,product,,,"Pago fraccionado mensual correspondiente a los siguientes servicios:
* Análisis, desarrollo y puesta en marcha del Protocolo de acoso laboral,
sexual y por razón de sexo.
* Mantenimiento experto en el Protocolo de acoso laboral,
sexual y por razón de sexo.",1.00,41.11,41.11,49.74,21% S
INV/2026/00181,product,,,"Pago fraccionado mensual correspondiente a los siguientes servicios:
* Análisis, desarrollo y puesta en marcha del
Protocolo de Desconexión Digital
* Mantenimiento experto en el Protocolo de Desconexión Digital.",1.00,25.67,25.67,31.06,21% S
INV/2026/00182,product,,,"Pago fraccionado mensual correspondiente a los siguientes servicios:
* Adecuación al RGPD-LOPDGDD
* Mantenimiento experto en RGPD-LOPDGDD",1.00,33.22,33.22,40.20,21% S
INV/2026/00183,product,,,"Cuota mensual de mantenimiento integral sobre el
Reglamento General de Protección de Datos",1.00,49.04,49.04,59.34,21% S
INV/2026/00184,product,,,"Cuota mensual relativos a los servicios del Canal de Denuncias:
Mantenimiento de la plataforma web para la recepción, almacenamiento
y gestión de denuncias.
Servicio externalizado de gestión, asesoramiento y
soporte de denuncias.",1.00,132.83,132.83,160.72,21% S
INV/2026/00185,product,,,"Cuota mensual relativos a los servicios relacionados con la Directiva (UE) 2019/882:
Análisis, auditoría anual y certificado de cumplimiento
bmcglobal.net y promoviatges.cat",1.00,158.47,158.47,191.75,21% S
INV/2026/00186,product,,,"Creació d'un nou model d'exportació del fulletó en format Excel ""A5""",3.50,44.24,154.84,187.36,21% S
INV/2026/00186,product,,,Publicació i proves,1.00,44.24,44.24,53.53,21% S
INV/2026/00187,product,,,"Factura correspondiente al curso bonificado:
Curso avanzado sobre las Normas Internas, la Seguridad de la Información y la Protección de Datos",1.00,165.00,165.00,199.65,21% S
INV/2026/00188,product,,,"Factura correspondiente al curso bonificado:
Curso sobre la prevención y el tratamiento del Acoso laboral, sexual y por razón de sexo en el Trabajo",1.00,105.00,105.00,127.05,21% S
INV/2026/00189,product,,,"Inicio proyecto relativos a la realización de la Auditoría de Cumplimiento de la Directiva (UE) 2019/882 – Acta Europea de Accesibilidad, y su transposición al ordenamiento jurídico español mediante la Ley 11/2023, de 8 de mayo",1.00,206.50,206.50,249.87,21% S
INV/2026/00190,product,,,"Renovación Mantenimiento
OE WorkGroup RDBMS - Limited
11.6 - 11 Concurrent User
Windows 64bit
Serial #:4277933
11-Feb-2026 to 10-Feb-2027",1.00,1271.91,1271.91,1539.01,21% S
INV/2026/00190,product,,,"Renovación Mantenimiento
Client Networking - Limited
11.6 - 11 Concurrent User
Windows 64bit
Serial #:4277934
11-Feb-2026 to 10-Feb-2027",1.00,726.80,726.80,879.43,21% S
INV/2026/00191,product,,,"Curso sobre la prevención y el tratamiento del Acoso laboral, sexual y por razón de sexo en el Trabajo",4.00,105.00,420.00,508.20,21% S
INV/2026/00192,product,,,"Inicio proyecto: Adecuación completa al RGPD y a la
LOPDGDD + Mantenimiento especializado en
RGPD y a la LOPDGDD",1.00,395.00,395.00,477.95,21% S
INV/2026/00192,product,,,"Inicio proyecto: Adecuación a la LSSI-CE para las páginas web
definidas en el alcance del proyecto",1.00,140.00,140.00,169.40,21% S
INV/2026/00193,product,,,"Inicio proyecto Análisis, desarrollo Plan y Auditoria retributiva y de paridad de género.",1.00,149.00,149.00,180.29,21% S
INV/2026/00193,product,,,"Inicio proyecto Análisis, desarrollo y puesta en marcha del Protocolo de Desconexión Digital.",1.00,145.95,145.95,176.60,21% S
INV/2026/00193,product,,,"Inicio proyecto Relativos a los servicios relacionados con la Ley 2/2023, de 20 de febrero de Protección al Informante - Canal de Denuncias –",1.00,345.00,345.00,417.45,21% S
INV/2026/00194,product,,,"Factura correspondiente al curso bonificado:
(B1) Curso avanzado sobre las Normas Internas, la Seguridad de la Información y la Protección de Datos",8.00,165.00,1320.00,1597.20,21% S
INV/2026/00195,product,,,"Factura correspondiente al curso bonificado:
(B1) Curso avanzado sobre las Normas Internas, la Seguridad de la Información y la Protección de Datos",2.00,165.00,330.00,399.30,21% S
INV/2026/00196,product,,,"Factura correspondiente al curso bonificado:
(B1) Curso avanzado sobre las Normas Internas, la Seguridad de la Información y la Protección de Datos",2.00,165.00,330.00,399.30,21% S
INV/2026/00197,product,,,"Inicio proyecto Adequació completa al RGPD y a la
LOPDGDD",1.00,416.50,416.50,503.97,21% S
INV/2026/00198,product,,,Inicio proyecto Adecuación al RGPD-LOPDGDD y a la LSSI-CE,1.00,197.50,197.50,238.98,21% S
INV/2026/00199,product,,,"Factura correspondiente al curso bonificado:
Curso sobre la prevención y el tratamiento del Acoso laboral, sexual y por razón de sexo en el Trabajo",8.00,37.50,300.00,363.00,21% S
INV/2026/00200,product,,,"Pago fraccionado mensual correspondiente a los siguientes servicios:
* Adecuación al RGPD-LOPDGDD
* Mantenimiento experto en RGPD-LOPDGDD",1.00,16.35,16.35,19.78,21% S
INV/2026/00201,product,,,"Cuota mensual de mantenimiento integral sobre el
Reglamento General de Protección de Datos",1.00,49.04,49.04,59.34,21% S
INV/2026/00202,product,,,"Cuota mensual relativos a los servicios del Canal de Denuncias:
Mantenimiento de la plataforma web para la recepción, almacenamiento
y gestión de denuncias.
Servicio externalizado de gestión, asesoramiento y
soporte de denuncias.",1.00,132.83,132.83,160.72,21% S
INV/2026/00203,product,,,"Cuota mensual relativos a los servicios relacionados con la Directiva (UE) 2019/882  de Accesibilidad Web:
Análisis, auditoría anual y certificado de cumplimiento
bmcglobal.net y promoviatges.cat",1.00,158.47,158.47,191.75,21% S
INV/2026/00204,product,,,"Pago fraccionado mensual correspondiente a los siguientes servicios:
* Adecuación al RGPD-LOPDGDD
* Mantenimiento experto en RGPD-LOPDGDD
* Adecuación a la LSSI-CE
* Mantenimiento experto en LSSI-CE",1.00,38.00,38.00,45.98,21% S
INV/2026/00205,product,,,"Cuota mensual relativos a los servicios de:
* Adecuación al RGPD y a la LOPDGDD
* Mantenimiento experto en RGPD y a la LOPDGDD",1.00,62.71,62.71,75.88,21% S
INV/2026/00206,product,,,"Cuota mensual relativos a los servicios de:
* Adecuación a la LSSI-CE
* Mantenimiento experto en LSSI-CE",1.00,15.76,15.76,19.07,21% S
INV/2026/00207,product,,,"Cuota mensual de mantenimiento integral sobre el
Reglamento General de Protección de Datos",1.00,32.84,32.84,39.74,21% S
INV/2026/00208,product,,,"Pago fraccionado mensual correspondiente a los siguientes servicios:
* Adecuación al RGPD-LOPDGDD
* Mantenimiento experto en RGPD-LOPDGDD
* Adecuación al LSSI-CE
* Mantenimiento experto en LSSI-CE",1.00,14.95,14.95,18.09,21% S
INV/2026/00209,product,,,"Pago fraccionado mensual correspondiente a los siguientes servicios:
* Adecuación a la LSSI-CE
* Mantenimiento LSSI-CE",1.00,32.57,32.57,39.41,21% S
INV/2026/00210,product,,,"Pago fraccionado mensual correspondiente a los siguientes servicios:
* Adecuación al RGPD-LOPDGDD
* Mantenimiento experto en RGPD-LOPDGDD
* Adecuación al LSSI-CE
* Mantenimiento experto en LSSI-CE",1.00,34.36,34.36,41.58,21% S
INV/2026/00211,product,,,"Pago fraccionado mensual correspondiente a los siguientes servicios:
* Adecuación al RGPD-LOPDGDD
* Mantenimiento experto en RGPD-LOPDGDD",1.00,51.56,51.56,62.39,21% S
INV/2026/00212,product,,,"Pago fraccionado mensual correspondiente a los siguientes servicios:
* Adecuación al RGPD-LOPDGDD
* Mantenimiento experto en RGPD-LOPDGDD",1.00,45.84,45.84,55.47,21% S
INV/2026/00213,product,,,"Pago fraccionado mensual correspondiente a los siguientes servicios:
* Adecuación al RGPD-LOPDGDD
* Mantenimiento experto en RGPD-LOPDGDD
* Adecuación a la LSSI-CE
* Mantenimiento experto en LSSI-CE",1.00,21.66,21.66,26.21,21% S
INV/2026/00214,product,,,"Pago fraccionado mensual correspondiente a los siguientes servicios:
* Adecuación al RGPD-LOPDGDD
* Mantenimiento experto en RGPD-LOPDGDD
* Adecuación a la LSSI-CE
* Mantenimiento experto en LSSI-CE",1.00,33.00,33.00,39.93,21% S
INV/2026/00215,product,,,"Cuota mensual relativos a los servicios de:
* Adecuación al RGPD y a la LOPDGDD
* Mantenimiento experto en RGPD y a la LOPDGDD",1.00,45.84,45.84,55.47,21% S
INV/2026/00216,product,,,"Cuota mensual relativos a los servicios de:
* Adecuación a la LSSI-CE
* Mantenimiento experto en LSSI-CE",1.00,13.65,13.65,16.52,21% S
INV/2026/00217,product,,,"Pago fraccionado mensual correspondiente a los siguientes servicios:
* Mantenimiento experto en RGPD-LOPDGDD
* Mantenimiento experto en RGPD
* Adecuación a la LSSI-CE
* Mantenimiento experto en LSSI-CE",1.00,57.31,57.31,69.35,21% S
INV/2026/00218,product,,,"Cuota mensual relativos a los servicios del Canal de Denuncias:
Mantenimiento de la plataforma web para la recepción, almacenamiento
y gestión de denuncias.
Servicio externalizado de gestión, asesoramiento y
soporte de denuncias.",1.00,94.87,94.87,114.79,21% S
INV/2026/00219,product,,,"Cuota mensual relativos a los servicios de Delegado de Protección de Datos:
Representación como Delegado de Protección de Datos (DPD) externo
frente a la Agencia Española de Protección de Datos (AGPD).
Atender las peticiones de la Agencia Española de Protección de Datos.
Consultas ilimitadas en lo referente a las funciones y obligaciones del DPD.",1.00,42.14,42.14,50.99,21% S
INV/2026/00220,product,,,"Cuota mensual relativos a los servicios de:
* Adecuación al RGPD y a la LOPDGDD
* Mantenimiento experto en el RGPD y en&nbsp;la LOPDGDD",1.00,100.68,100.68,121.82,21% S
INV/2026/00221,product,,,"Cuota mensual relativos a los servicios de:
* Adecuación a la LSSI-CE
* Mantenimiento experto en la LSSI-CE",1.00,15.76,15.76,19.07,21% S
INV/2026/00222,product,,,"Pago fraccionado mensual correspondiente a los siguientes servicios:
* Adecuación al RGPD-LOPDGDD
* Mantenimiento experto en RGPD-LOPDGDD
* Adecuación a la LSSI-CE
* Mantenimiento experto en LSSI-CE",1.00,48.90,48.90,59.17,21% S
INV/2026/00223,product,,,"Pago fraccionado mensual correspondiente a los siguientes servicios:
* Adecuación al RGPD-LOPDGDD
* Mantenimiento experto en RGPD-LOPDGDD",1.00,32.57,32.57,39.41,21% S
INV/2026/00224,product,,,"Pagament fraccionat mensual corresponent als següents serveis:
* Adequació al RGPD-LOPDGDD
* Manteniment expert en RGPD-LOPDGDD",1.00,61.17,61.17,74.02,21% S
INV/2026/00225,product,,,"Pagament fraccionat mensual corresponent als següents serveis:
* Adequació a la LSSI-CE
* Manteniment expert en LSSI-CE",1.00,15.38,15.38,18.61,21% S
INV/2026/00226,product,,,"Pago fraccionado mensual correspondiente a los siguientes servicios:
* Adecuación al RGPD-LOPDGDD
* Mantenimiento experto en RGPD-LOPDGDD
* Adecuación a la LSSI-CE
* Mantenimiento experto en LSSI-CE",1.00,26.10,26.10,31.58,21% S
INV/2026/00227,product,,,"Cuota mensual relativos a los servicios de Delegado de Protección de Datos:
Representación como Delegado de Protecció de Datos (DPD) externo
frente a la Agencia Española de Protección de Datos (AGPD).
Atender las peticiones de la Agencia Española de Protección de Datos.
Consultas ilimitadas en lo referente a las funciones y obligaciones del DPD.
(Contrato servicios firmado 01/06/2024)",1.00,69.56,69.56,84.17,21% S
INV/2026/00228,product,,,"Mantenimiento integral sobre el RGPD
Mantenimiento integral sobre la LOPDGDD",1.00,21.69,21.69,26.24,21% S
INV/2026/00229,product,,,"Pago fraccionado mensual correspondiente a los siguientes servicios:
* Auditoría Informática de cumplimiento de la Directiva (UE) 2019/882 y su transposición en España mediante la Ley 11/2023",1.00,61.23,61.23,74.09,21% S
INV/2026/00230,product,,,"Pago fraccionado mensual correspondiente a los siguientes servicios:
* Adecuación al RGPD-LOPDGDD
* Mantenimiento experto en RGPD-LOPDGDD
* Adecuación a la LSSI-CE
* Mantenimiento experto en LSSI-CE",1.00,43.45,43.45,52.57,21% S
INV/2026/00231,product,,,"Pago fraccionado mensual correspondiente a los siguientes servicios:
* Adecuación al RGPD-LOPDGDD
* Mantenimiento experto en RGPD-LOPDGDD",1.00,92.04,92.04,111.37,21% S
INV/2026/00231,product,,,"Pago fraccionado mensual correspondiente a los siguientes servicios:
* Adecuación a la LSSI-CE
* Mantenimiento experto en LSSI-CE",1.00,14.92,14.92,18.05,21% S
INV/2026/00232,product,,,"Pago fraccionado mensual correspondiente a los siguientes servicios:
* Adecuación al RGPD-LOPDGDD
* Mantenimiento experto en RGPD-LOPDGDD
* Adecuación a la LSSI-CE
* Mantenimiento experto en LSSI-CE",1.00,36.33,36.33,43.96,21% S
INV/2026/00233,product,,,"Pago fraccionado mensual correspondiente a los siguientes servicios:
* Adecuación al RGPD-LOPDGDD
* Mantenimiento experto en RGPD-LOPDGDD",1.00,37.70,37.70,45.62,21% S
INV/2026/00234,product,,,"Cuota mensual relativos a los servicios del Canal de Denuncias:
Mantenimiento de la plataforma web para la recepción, almacenamiento
y gestión de denuncias.
Servicio externalizado de gestión, asesoramiento y
soporte de denuncias.",1.00,113.86,113.86,137.77,21% S
INV/2026/00235,product,,,"Pago fraccionado mensual correspondiente a los siguientes servicios:
* Adecuación al RGPD-LOPDGDD
* Mantenimiento experto en RGPD-LOPDGDD
* Adecuación a la LSSI-CE
* Mantenimiento experto en LSSI-CE",1.00,53.53,53.53,64.77,21% S
INV/2026/00236,product,,,"Cuota mensual relativos a los servicios del Canal de Denuncias:
Mantenimiento de la plataforma web para la recepción, almacenamiento
y gestión de denuncias.
Servicio externalizado de gestión, asesoramiento y
soporte de denuncias.",1.00,105.42,105.42,127.56,21% S
INV/2026/00237,product,,,"Cuota mensual relativos a los servicios de Delegado de Protección de Datos:
Representació com a Delegat de Protecció de Dades (DPD) extern
frente a la Agencia Española de Protección de Datos (AGPD).
Atender las peticiones de la Agencia Española de Protección de Datos.
Consultas ilimitadas en lo referente a las funciones y obligaciones del DPD.",1.00,42.14,42.14,50.99,21% S
INV/2026/00238,product,,,"Pago fraccionado mensual correspondiente a los siguientes servicios:
* Adecuación al RGPD-LOPDGDD
* Mantenimiento experto en el RGPD-LOPDGDD",1.00,57.85,57.85,70.00,21% S
INV/2026/00239,product,,,"Pago fraccionado mensual correspondiente a los siguientes servicios:
* Adecuación a la LSSI-CE
* Mantenimiento experto en la LSSI-CE",1.00,20.03,20.03,24.24,21% S
INV/2026/00240,product,,,"Pago fraccionado mensual correspondiente a los siguientes servicios:
* Auditoría Informática de cumplimiento de la Directiva (UE) 2019/882 y su transposición en España mediante la Ley 11/2023",1.00,33.96,33.96,41.09,21% S
INV/2026/00241,product,,,"Pago fraccionado mensual correspondiente a los siguientes servicios:
* Adecuación al RGPD-LOPDGDD
* Mantenimiento experto en RGPD-LOPDGDD
* Adecuación al LSSI-CE
* Mantenimiento experto en LSSI-CE",1.00,40.09,40.09,48.51,21% S
INV/2026/00242,product,,,"Pago fraccionado mensual correspondiente a los servicios de:
* Adecuación al RGPD y a la LOPDGDD
* Mantenimiento experto en RGPD y a la LOPDGDD",1.00,77.12,77.12,93.32,21% S
INV/2026/00243,product,,,"Cuota mensual relativa a los servicios de:
* Adecuación al RGPD y a la LOPDGDD
* Mantenimiento experto en RGPD y a la LOPDGDD",1.00,56.50,56.50,68.37,21% S
INV/2026/00244,product,,,"Cuota mensual relativos a los servicios de:
* Adecuación a la LSSI-CE
* Mantenimiento experto en LSSI-CE",1.00,14.43,14.43,17.46,21% S
INV/2026/00245,product,,,"Pago fraccionado mensual correspondiente a los servicios de:
* Adecuación al RGPD y a la LOPDGDD
* Mantenimiento experto en RGPD y a la LOPDGDD",1.00,97.70,97.70,118.22,21% S
INV/2026/00246,product,,,"Pago fraccionado mensual correspondiente a los siguientes servicios:
* Adecuación a la LSSI-CE
* Mantenimiento experto en LSSI-CE",1.00,30.82,30.82,37.29,21% S
INV/2026/00247,product,,,"Pago fraccionado mensual correspondiente a los servicios de:
* Adecuación al RGPD y a la LOPDGDD
* Mantenimiento experto en RGPD y a la LOPDGDD",1.00,46.25,46.25,55.96,21% S
INV/2026/00248,product,,,"Pago fraccionado mensual correspondiente a los siguientes servicios:
* Análisis, desarrollo y puesta en marcha del Protocolo de acoso laboral,
sexual y por razón de sexo.
* Mantenimiento experto en el Protocolo de acoso laboral,
sexual y por razón de sexo.",1.00,41.11,41.11,49.74,21% S
INV/2026/00249,product,,,"Pago fraccionado mensual correspondiente a los siguientes servicios:
* Análisis, desarrollo y puesta en marcha del
Protocolo de Desconexión Digital
* Mantenimiento experto en el Protocolo de Desconexión Digital.",1.00,25.67,25.67,31.06,21% S
INV/2026/00250,product,,,"Pago fraccionado mensual correspondiente a los siguientes servicios:
* Adecuación al RGPD-LOPDGDD
* Mantenimiento experto en el RGPD-LOPDGDD",1.00,59.95,59.95,72.54,21% S
INV/2026/00251,product,,,"Pago fraccionado mensual correspondiente a los siguientes servicios:
* Adecuación a la LSSI-CE
* Mantenimiento experto en la LSSI-CE",1.00,19.99,19.99,24.19,21% S
INV/2026/00252,product,,,"Cuota mensual relativos a los servicios de:
* Adecuación al RGPD y a la LOPDGDD
* Mantenimiento experto en RGPD y a la LOPDGDD",1.00,40.10,40.10,48.52,21% S
INV/2026/00253,product,,,"Cuota mensual relativos a los servicios de:
* Adecuación a la LSSI-CE
* Mantenimiento experto en LSSI-CE",1.00,19.70,19.70,23.84,21% S
INV/2026/00254,product,,,"Cuota mensual relativos a los servicios de:
* Adecuación al RGPD y a la LOPDGDD
* Mantenimiento experto en RGPD y a la LOPDGDD",1.00,40.59,40.59,49.11,21% S
INV/2026/00255,product,,,"Cuota mensual relativos a los servicios de:
* Adecuación a la LSSI-CE
* Mantenimiento experto en LSSI-CE",1.00,12.86,12.86,15.56,21% S
INV/2026/00256,product,,,"Pago fraccionado mensual correspondiente a los siguientes servicios:
* Adecuación al RGPD-LOPDGDD
* Mantenimiento experto en el RGPD-LOPDGDD",1.00,45.84,45.84,55.47,21% S
INV/2026/00256,product,,,"Pago fraccionado mensual correspondiente a los siguientes servicios:
* Adecuación a la LSSI-CE
* Mantenimiento experto en la LSSI-CE",1.00,22.88,22.88,27.68,21% S
INV/2026/00256,product,,,"Pago fraccionado mensual correspondiente a los siguientes servicios:
* Análisis, desarrollo y puesta en marcha del Protocolo de acoso laboral,
sexual y por razón de sexo.
* Mantenimiento experto en el Protocolo de acoso laboral,
sexual y por razón de sexo.",1.00,21.04,21.04,25.46,21% S
INV/2026/00256,product,,,"Pago fraccionado mensual correspondiente a los siguientes servicios:
* Análisis, desarrollo y puesta en marcha del Protocolo de Desconexión Digital.
* Mantenimiento experto en el Protocolo de Desconexión Digital",1.00,15.76,15.76,19.07,21% S
INV/2026/00257,product,,,"Pago fraccionado mensual correspondiente a los siguientes servicios:
* Adecuación al RGPD-LOPDGDD
* Mantenimiento experto en RGPD-LOPDGDD",1.00,32.57,32.57,39.41,21% S
INV/2026/00258,product,,,"Pago fraccionado mensual correspondiente a los siguientes servicios:
* Adecuación a la LSSI-CE
* Mantenimiento experto en LSSI-CE",1.00,21.69,21.69,26.24,21% S
INV/2026/00259,product,,,"Pago fraccionado mensual correspondiente a los siguientes servicios:
* Adecuación al RGPD-LOPDGDD
* Mantenimiento experto en RGPD-LOPDGDD",1.00,100.28,100.28,121.34,21% S
INV/2026/00260,product,,,"Pago fraccionado mensual correspondiente a los siguientes servicios:
* Adecuación a la LSSI-CE
* Mantenimiento experto en LSSI-CE",1.00,20.07,20.07,24.28,21% S
INV/2026/00261,product,,,"Pago fraccionado mensual correspondiente a los siguientes servicios:
* Adecuación al RGPD-LOPDGDD
* Mantenimiento experto en RGPD-LOPDGDD
* Adecuación a la LSSI-CE
* Mantenimiento experto en LSSI-CE",1.00,32.57,32.57,39.41,21% S
INV/2026/00262,product,,,"Pago fraccionado mensual correspondiente a los siguientes servicios:
* Adecuación al RGPD-LOPDGDD
* Mantenimiento experto en RGPD-LOPDGDD
* Adecuación a la LSSI-CE
* Mantenimiento experto en LSSI-CE",1.00,38.00,38.00,45.98,21% S
INV/2026/00263,product,,,"Pago fraccionado mensual correspondiente a los siguientes servicios:
* Adecuación al RGPD-LOPDGDD
* Mantenimiento experto en RGPD-LOPDGDD",1.00,64.45,64.45,77.98,21% S
INV/2026/00264,product,,,"Pago fraccionado mensual correspondiente a los siguientes servicios:
* Adecuación a la LSSI-CE
* Mantenimiento experto en LSSI-CE",1.00,16.05,16.05,19.42,21% S
INV/2026/00265,product,,,"Pago fraccionado mensual correspondiente a los siguientes servicios:
* Análisis, desarrollo y puesta en marcha del Protocolo de acoso laboral,
sexual y por razón de sexo.
* Mantenimiento experto en el Protocolo de acoso laboral,
sexual y por razón de sexo.",1.00,36.86,36.86,44.60,21% S
INV/2026/00266,product,,,"Pago fraccionado mensual correspondiente a los siguientes servicios:
* Análisis, desarrollo y puesta en marcha del Protocolo de Desconexión Digital.
* Mantenimiento experto en el Protocolo de Desconexión Digital.",1.00,29.95,29.95,36.24,21% S
INV/2026/00267,product,,,"Pago fraccionado mensual correspondiente a los siguientes servicios:
*&nbsp; Plan y Auditoria retributiva y de paridad de género.
* Mantenimiento experto.",1.00,29.95,29.95,36.24,21% S
INV/2026/00268,product,,,"Pago fraccionado mensual correspondiente a los siguientes servicios:
*&nbsp; Adecuación, puesta en marcha y mantenimiento de la plataforma WebApp para la recepción, almacenamiento y gestión de denuncias.
* Servicio externalizado de gestión de las denuncias recibidas.",1.00,94.95,94.95,114.89,21% S
INV/2026/00269,product,,,"Cuota mensual relativos a los servicios del Canal de Denuncias:
Mantenimiento de la plataforma web para la recepción, almacenamiento
y gestión de denuncias.
Servicio externalizado de gestión, asesoramiento y
soporte de denuncias.",1.00,94.35,94.35,114.16,21% S
INV/2026/00270,product,,,"Pago fraccionado mensual correspondiente a los siguientes servicios:
* Adecuación al RGPD-LOPDGDD
* Mantenimiento experto en RGPD-LOPDGDD
* Adecuación a la LSSI-CE
* Mantenimiento experto en LSSI-CE",1.00,42.44,42.44,51.35,21% S
INV/2026/00271,product,,,"Pago fraccionado mensual correspondiente a los siguientes servicios:
* Auditoría Informática de cumplimiento de la Directiva (UE) 2019/882 y su transposición en España mediante la Ley 11/2023",1.00,33.96,33.96,41.09,21% S
INV/2026/00272,product,,,"Pago fraccionado mensual correspondiente a los siguientes servicios:
* Adecuación al RGPD-LOPDGDD
* Mantenimiento experto en RGPD-LOPDGDD
* Adecuación a la LSSI-CE
* Mantenimiento experto en LSSI-CE",1.00,41.70,41.70,50.46,21% S
INV/2026/00273,product,,,"Pago fraccionado mensual correspondiente a los siguientes servicios:
* Adecuación al RGPD-LOPDGDD
* Mantenimiento experto en el RGPD-LOPDGDD",1.00,53.17,53.17,64.34,21% S
INV/2026/00274,product,,,"Cuota mensual relativos a los servicios de:
* Adecuación a la LSSI-CE
* Mantenimiento experto en LSSI-CE",1.00,15.76,15.76,19.07,21% S
INV/2026/00275,product,,,"Cuota mensual relativos a los servicios relacionados con la Directiva (UE) 2019/882 de Accesibilidad Web:
Análisis, auditoría anual y certificado de cumplimiento
www.sportcontact,org, www.musiccontact,net, www.lloretguide,com, www.golfcontact,org, www.traveltec,info",1.00,94.50,94.50,114.35,21% S
INV/2026/00276,product,,,"Pago fraccionado mensual correspondiente a los siguientes servicios:
* Adecuación al RGPD-LOPDGDD
* Mantenimiento experto en el RGPD-LOPDGDD
* Adecuación a la LSSI-CE
* Mantenimiento experto en la LSSI-CE",1.00,37.97,37.97,45.94,21% S
INV/2026/00277,product,,,"Quota mensual relatius als serveis de:
* Adequació al RGPD i a la LOPDGDD
* Manteniment expert en RGPD i a la LOPDGDD",1.00,31.59,31.59,38.22,21% S
INV/2026/00278,product,,,"Pago fraccionado mensual correspondiente a los siguientes servicios:
* Adecuación a la LSSI-CE
* Mantenimiento experto en LSSI-CE",1.00,12.84,12.84,15.54,21% S
INV/2026/00279,product,,,"Quota mensual de manteniment integral sobre el
Reglament General de Protecció de Dades",1.00,32.57,32.57,39.41,21% S
INV/2026/00280,product,,,"Pago fraccionado mensual correspondiente a los siguientes servicios:
* Adecuación al RGPD-LOPDGDD
* Mantenimiento experto en RGPD-LOPDGDD
* Adecuación a la LSSI-CE
* Mantenimiento experto en LSSI-CE",1.00,41.90,41.90,50.70,21% S
INV/2026/00281,product,,,"Pagament fraccionat mensual corresponent als següents serveis:
* Adequació al RGPD-LOPDGDD
* Manteniment expert en RGPD-LOPDGDD
* Adequació a la LSSI-CE
* Manteniment expert en LSSI-CE",1.00,43.60,43.60,52.76,21% S
INV/2026/00282,product,,,"Pago fraccionado mensual correspondiente a los siguientes servicios:
* Adecuación al RGPD-LOPDGDD
* Mantenimiento experto en RGPD-LOPDGDD",1.00,15.50,15.50,18.76,21% S
INV/2026/00283,product,,,"Cuota mensual de mantenimiento integral sobre el
Reglamento General de Protección de Datos",1.00,42.90,42.90,51.91,21% S
INV/2026/00284,product,,,"Pago fraccionado mensual correspondiente a los siguientes servicios:
* Adecuación al LSSI-CE
* Mantenimiento experto en LSSI-CE",1.00,16.26,16.26,19.67,21% S
INV/2026/00285,product,,,"Pago fraccionado mensual correspondiente a los siguientes servicios:
* Adecuación al RGPD-LOPDGDD
* Mantenimiento experto en RGPD-LOPDGDD
* Adecuación a la LSSI-CE
* Mantenimiento experto en LSSI-CE",1.00,39.90,39.90,48.28,21% S
INV/2026/00286,product,,,"Quota mensual relatius als serveis del Canal de Denúncies:
Manteniment de la plataforma web per a la recepció, emmagatzematge
i gestió de denúncies.
Servei externalitzat de gestió, assessorament i
suport de denúncies.",1.00,63.25,63.25,76.53,21% S
INV/2026/00287,product,,,"Quota mensual relatius als serveis de Delegat de Protecció de Dades:
Manteniment de la plataforma web per a la recepció, emmagatzematge
enfront de l'Agència Espanyola de Protecció de Dades (AGPD).
Atendre les peticions de l'Agència Espanyola de Protecció de Dades.
Consultes il·limitades referent a les funcions i obligacions del DPD.",1.00,44.27,44.27,53.57,21% S
INV/2026/00288,product,,,"Cuota mensual relativos a los servicios del Sistema de Información Interno:
Mantenimiento de la plataforma web para la recepción, almacenamiento
y gestión de denuncias.
Servicio externalizado de gestión, asesoramiento y
soporte de denuncias.",1.00,125.94,125.94,152.39,21% S
INV/2026/00289,product,,,"Pago fraccionado mensual correspondiente a los siguientes servicios:
* Adecuación al RGPD-LOPDGDD
* Mantenimiento experto en RGPD-LOPDGDD
* Adecuación a la LSSI-CE
* Mantenimiento experto en LSSI-CE",1.00,21.66,21.66,26.21,21% S
INV/2026/00290,product,,,"Pago fraccionado mensual correspondiente a los siguientes servicios:
* Adecuación al RGPD-LOPDGDD
* Mantenimiento experto en RGPD-LOPDGDD
* Adecuación al LSSI-CE
* Mantenimiento experto en LSSI-CE",1.00,32.57,32.57,39.41,21% S
INV/2026/00291,product,,,"Pago fraccionado mensual correspondiente a los siguientes servicios:
* Adecuación al RGPD-LOPDGDD
* Mantenimiento experto en RGPD-LOPDGDD
* Adecuación a la LSSI-CE
* Mantenimiento experto en LSSI-CE",1.00,42.90,42.90,51.91,21% S
INV/2026/00292,product,,,"Pago fraccionado mensual correspondiente a los siguientes servicios:
* Adecuación al RGPD-LOPDGDD
* Mantenimiento experto en RGPD-LOPDGDD
* Adecuación a la LSSI-CE
* Mantenimiento experto en LSSI-CE",1.00,39.50,39.50,47.80,21% S
INV/2026/00293,product,,,"Cuota mensual relativos a los servicios de:
* Adecuación al RGPD y a la LOPDGDD
* Mantenimiento experto en RGPD y a la LOPDGDD",1.00,19.48,19.48,23.57,21% S
INV/2026/00294,product,,,"Cuota mensual relativos a los servicios de:
* Adecuación al RGPD y a la LOPDGDD
* Mantenimiento experto en el RGPD y en la LOPDGDD",1.00,39.42,39.42,47.70,21% S
INV/2026/00295,product,,,"Pago fraccionado mensual correspondiente a los siguientes servicios:
* Adecuación al RGPD-LOPDGDD
* Mantenimiento experto en RGPD-LOPDGDD
* Adecuación a la LSSI-CE
* Mantenimiento experto en LSSI-CE",1.00,42.73,42.73,51.70,21% S
INV/2026/00296,product,,,"Cuota mensual de mantenimiento integral sobre el
Reglamento General de Protección de Datos",1.00,16.26,16.26,19.67,21% S
INV/2026/00297,product,,,"Pago fraccionado mensual correspondiente a los siguientes servicios:
* Adecuación al RGPD-LOPDGDD
* Mantenimiento experto en RGPD-LOPDGDD
* Adecuación a la LSSI-CE
* Mantenimiento experto en LSSI-CE",1.00,41.89,41.89,50.69,21% S
INV/2026/00298,product,,,"Pago fraccionado mensual correspondiente a los siguientes servicios:
* Adecuación al RGPD-LOPDGDD
* Mantenimiento experto en RGPD-LOPDGDD",1.00,33.22,33.22,40.20,21% S
